[
  {
    "version": "0.11.0",
    "tags": {
      "sdkx": "sdk/0.11.0",
      "sdk": "sdk/0.11.0"
    }
  },
  {
    "version": "0.10.0",
    "tags": {
      "sdkx": "sdk/0.10.0",
      "sdk": "20231031"
    }
  },
  {
    "version": "0.9.0",
    "tags": {
      "sdkx": "sdk/0.9.0",
      "sdk": "sdk/0.9.0"
    }
  },
  {
    "version": "0.8.1",
    "tags": {
      "sdkx": "sdk/20230403",
      "sdk": "20230403"
    }
  },
  {
    "version": "0.7.1",
    "tags": {
      "sdkx": "sdk/20230114",
      "sdk": "20230114"
    }
  },
  {
    "version": "0.5.1",
    "tags": {
      "sdkx": "sdk/20220826",
      "sdk": "20220826"
    }
  },
  {
    "version": "0.4.0",
    "tags": {
      "sdkx": "sdk/20220608",
      "sdk": "20220608"
    }
  }
]

